{"is_source_file": true, "format": "JavaScript", "description": "This file is a setup configuration for Jest testing framework, importing custom matchers from '@testing-library/jest-dom', to be used in testing DOM nodes in a React project.", "external_files": ["@testing-library/jest-dom"], "external_methods": [], "published": [], "classes": [], "methods": [], "calls": ["import '@testing-library/jest-dom'"], "search-terms": ["setupTests", "jest-dom", "testing-library", "jest matchers", "DOM assertions"], "state": 2, "file_id": 11, "knowledge_revision": 23, "git_revision": "5691117bcc2c4c3d5432956e1485ec3ae2268b1e", "ctags": [], "hash": "1a77571e1a8cf36018a41bcedf60db75", "format-version": 4, "code-base-name": "todo_frontend", "filename": "todo_frontend/src/setupTests.js", "revision_history": [{"23": "5691117bcc2c4c3d5432956e1485ec3ae2268b1e"}]}