{"is_source_file": true, "format": "JavaScript (React JSX)", "description": "This is a frontend entry point for a React application, responsible for rendering the main App component into the DOM.", "external_files": ["./index.css", "./App"], "external_methods": ["ReactDOM.createRoot", "root.render", "React.StrictMode"], "published": ["React", "ReactDOM", "App"], "classes": [], "methods": [{"name": "ReactDOM.createRoot", "description": "Creates a root for React rendering from a DOM element."}, {"name": "root.render", "description": "Renders React elements into the root."}], "calls": ["ReactDOM.createRoot", "root.render"], "search-terms": ["React", "ReactDOM", "index.js", "entry point", "render", "main", "frontend"], "state": 2, "file_id": 12, "knowledge_revision": 25, "git_revision": "5691117bcc2c4c3d5432956e1485ec3ae2268b1e", "ctags": [{"_type": "tag", "name": "root", "path": "/home/kavia/workspace/code-generation/simple-to-do-list-309924-281196/todo_frontend/src/index.js", "pattern": "/^const root = ReactDOM.createRoot(document.getElementById('root'));$/", "language": "JavaScript", "kind": "constant"}], "hash": "9fc5841375336fc175b49f8767a11383", "format-version": 4, "code-base-name": "todo_frontend", "filename": "todo_frontend/src/index.js", "revision_history": [{"25": "5691117bcc2c4c3d5432956e1485ec3ae2268b1e"}]}